{
  "name": "Residents",
  "base": "PersistedModel",
  "idInjection": true,
  "options": {
    "validateUpsert": true
  },
  "properties": {
    "name": {
      "type": "string",
      "required": "false"
    },
    "color": {
      "type": "string",
      "required": "false"
    },
    "involvement": {
      "type": "string",
      "required": "false"
    },
    "major": {
      "type": "string",
      "required": "false"
    },
    "room": {
      "type": "string",
      "required": "false"
    },
    "description": {
      "type": "string",
      "required": "false"
    }
  },
  "validations": [],
  "relations": {},
  "acls": [],
  "methods": {}
}
